{"cameraMode":{"drawMode":0,"name":"Shaded","section":"Shading Mode"},"sceneLighting":true,"audioPlay":false,"sceneViewState":{"showFog":true,"showMaterialUpdate":false,"showSkybox":true,"showFlares":true,"showImageEffects":true,"showParticleSystems":true},"in2DMode":false,"pivot":{"x":180.4845428466797,"y":4.309777736663818,"z":-13.601226806640625},"rotation":{"x":-0.012099518440663815,"y":-0.4011600911617279,"z":0.005298929754644632,"w":-0.9159175157546997},"size":10.0,"orthographic":false}