{"cameraMode":{"drawMode":0,"name":"Shaded","section":"Shading Mode"},"sceneLighting":true,"audioPlay":false,"sceneViewState":{"showFog":true,"showMaterialUpdate":false,"showSkybox":true,"showFlares":true,"showImageEffects":true,"showParticleSystems":true},"in2DMode":false,"pivot":{"x":66.82927703857422,"y":-0.4079127311706543,"z":117.33255004882813},"rotation":{"x":-0.17996425926685334,"y":0.12249956279993057,"z":-0.023481352254748346,"w":-0.976253092288971},"size":14.772446632385254,"orthographic":false}