{"cameraMode":{"drawMode":0,"name":"Shaded","section":"Shading Mode"},"sceneLighting":true,"audioPlay":false,"sceneViewState":{"showFog":true,"showMaterialUpdate":false,"showSkybox":true,"showFlares":true,"showImageEffects":true,"showParticleSystems":true},"in2DMode":false,"pivot":{"x":132.01966857910157,"y":-24.793434143066408,"z":42.33757019042969},"rotation":{"x":0.22241301834583283,"y":0.04675515741109848,"z":-0.009997515939176083,"w":0.9742833971977234},"size":204.90933227539063,"orthographic":false}