{"cameraMode":{"drawMode":0,"name":"Shaded","section":"Shading Mode"},"sceneLighting":true,"audioPlay":false,"sceneViewState":{"showFog":true,"showMaterialUpdate":false,"showSkybox":true,"showFlares":true,"showImageEffects":true,"showParticleSystems":true},"in2DMode":false,"pivot":{"x":3.9360909461975099,"y":16.130292892456056,"z":-5.635932922363281},"rotation":{"x":0.006205915939062834,"y":0.7222071886062622,"z":0.006505932193249464,"w":-0.6916656494140625},"size":40.156009674072269,"orthographic":false}