{"cameraMode":{"drawMode":0,"name":"Shaded","section":"Shading Mode"},"sceneLighting":true,"audioPlay":false,"sceneViewState":{"showFog":true,"showMaterialUpdate":false,"showSkybox":true,"showFlares":true,"showImageEffects":true,"showParticleSystems":true},"in2DMode":false,"pivot":{"x":-11.925469398498536,"y":-0.7633495926856995,"z":4.710055351257324},"rotation":{"x":-0.3945576548576355,"y":0.06936521083116532,"z":-0.029879432171583177,"w":-0.9157785773277283},"size":7.756894111633301,"orthographic":false}