{"cameraMode":{"drawMode":0,"name":"Shaded","section":"Shading Mode"},"sceneLighting":true,"audioPlay":false,"sceneViewState":{"showFog":true,"showMaterialUpdate":false,"showSkybox":true,"showFlares":true,"showImageEffects":true,"showParticleSystems":true},"in2DMode":false,"pivot":{"x":-23.37694549560547,"y":12.699947357177735,"z":-3.1232056617736818},"rotation":{"x":0.0302644744515419,"y":0.13799458742141725,"z":-0.0024816924706101419,"w":0.9904391169548035},"size":16.688003540039064,"orthographic":false}