{"cameraMode":{"drawMode":0,"name":"Shaded","section":"Shading Mode"},"sceneLighting":true,"audioPlay":false,"sceneViewState":{"showFog":true,"showMaterialUpdate":false,"showSkybox":true,"showFlares":true,"showImageEffects":true,"showParticleSystems":true},"in2DMode":false,"pivot":{"x":6.554226875305176,"y":-20.602821350097658,"z":48.51564407348633},"rotation":{"x":-0.19761687517166139,"y":0.07491058856248856,"z":-0.015149286948144436,"w":-0.9773378372192383},"size":83.96041870117188,"orthographic":false}