{"cameraMode":{"drawMode":0,"name":"Shaded","section":"Shading Mode"},"sceneLighting":true,"audioPlay":false,"sceneViewState":{"showFog":true,"showMaterialUpdate":false,"showSkybox":true,"showFlares":true,"showImageEffects":true,"showParticleSystems":true},"in2DMode":false,"pivot":{"x":98.7156982421875,"y":2.052489757537842,"z":24.245162963867189},"rotation":{"x":-0.11806392669677735,"y":-0.16539892554283143,"z":0.019951745867729188,"w":-0.9790714979171753},"size":5.401938438415527,"orthographic":false}