{"cameraMode":{"drawMode":0,"name":"Shaded","section":"Shading Mode"},"sceneLighting":false,"audioPlay":false,"sceneViewState":{"showFog":true,"showMaterialUpdate":false,"showSkybox":false,"showFlares":true,"showImageEffects":true,"showParticleSystems":true},"in2DMode":false,"pivot":{"x":102.09973907470703,"y":12.84000015258789,"z":-71.79612731933594},"rotation":{"x":0.20006197690963746,"y":-0.10193628817796707,"z":0.021464992314577104,"w":0.974654495716095},"size":5.701941013336182,"orthographic":false}