{"cameraMode":{"drawMode":0,"name":"Shaded","section":"Shading Mode"},"sceneLighting":true,"audioPlay":false,"sceneViewState":{"showFog":true,"showMaterialUpdate":false,"showSkybox":true,"showFlares":true,"showImageEffects":true,"showParticleSystems":true},"in2DMode":false,"pivot":{"x":54.19843673706055,"y":-3.4232747554779054,"z":-17.291034698486329},"rotation":{"x":0.24030911922454835,"y":0.5965293049812317,"z":-0.19340427219867707,"w":0.7412555813789368},"size":93.9970703125,"orthographic":false}