{"cameraMode":{"drawMode":0,"name":"Shaded","section":"Shading Mode"},"sceneLighting":true,"audioPlay":false,"sceneViewState":{"showFog":true,"showMaterialUpdate":false,"showSkybox":true,"showFlares":true,"showImageEffects":true,"showParticleSystems":true},"in2DMode":false,"pivot":{"x":-6.953215599060059,"y":5.230435848236084,"z":3.156313180923462},"rotation":{"x":-0.04764228314161301,"y":0.7095013856887817,"z":-0.04818117991089821,"w":-0.7014591097831726},"size":9.106710433959961,"orthographic":false}