{"cameraMode":{"drawMode":0,"name":"Shaded","section":"Shading Mode"},"sceneLighting":true,"audioPlay":false,"sceneViewState":{"showFog":true,"showMaterialUpdate":false,"showSkybox":true,"showFlares":true,"showImageEffects":true,"showParticleSystems":true},"in2DMode":false,"pivot":{"x":177.04376220703126,"y":-3.77237868309021,"z":-68.87067413330078},"rotation":{"x":0.2837786376476288,"y":-0.04635162651538849,"z":0.013773905113339424,"w":0.9579198956489563},"size":44.705841064453128,"orthographic":false}