{"cameraMode":{"drawMode":0,"name":"Shaded","section":"Shading Mode"},"sceneLighting":true,"audioPlay":false,"sceneViewState":{"showFog":true,"showMaterialUpdate":false,"showSkybox":true,"showFlares":true,"showImageEffects":true,"showParticleSystems":true},"in2DMode":false,"pivot":{"x":30.566837310791017,"y":4.174600601196289,"z":-1.7522916793823243},"rotation":{"x":0.12203017622232437,"y":0.2118760049343109,"z":-0.02494077757000923,"w":0.9698078632354736},"size":16.688003540039064,"orthographic":false}