{"cameraMode":{"drawMode":0,"name":"Shaded","section":"Shading Mode"},"sceneLighting":true,"audioPlay":false,"sceneViewState":{"showFog":true,"showMaterialUpdate":false,"showSkybox":true,"showFlares":true,"showImageEffects":true,"showParticleSystems":true},"in2DMode":false,"pivot":{"x":-22.270488739013673,"y":-12.765439987182618,"z":52.49772262573242},"rotation":{"x":0.10744930058717728,"y":-0.1674158275127411,"z":0.018328282982110978,"w":0.9799127578735352},"size":80.19285583496094,"orthographic":false}