{"cameraMode":{"drawMode":0,"name":"Shaded","section":"Shading Mode"},"sceneLighting":true,"audioPlay":false,"sceneViewState":{"showFog":true,"showMaterialUpdate":false,"showSkybox":true,"showFlares":true,"showImageEffects":true,"showParticleSystems":true},"in2DMode":false,"pivot":{"x":161.35768127441407,"y":9.258790016174317,"z":-14.961153030395508},"rotation":{"x":-0.18423053622245789,"y":-0.22031867504119874,"z":0.04156962037086487,"w":-0.957491397857666},"size":3.5385384559631349,"orthographic":false}