{"cameraMode":{"drawMode":0,"name":"Shaded","section":"Shading Mode"},"sceneLighting":true,"audioPlay":false,"sceneViewState":{"showFog":true,"showMaterialUpdate":false,"showSkybox":true,"showFlares":true,"showImageEffects":true,"showParticleSystems":true},"in2DMode":false,"pivot":{"x":80.8884506225586,"y":17.473690032958986,"z":61.18610382080078},"rotation":{"x":0.2097271978855133,"y":-0.07097719609737396,"z":0.016033858060836793,"w":0.9755947589874268},"size":26.83114242553711,"orthographic":false}