{"cameraMode":{"drawMode":0,"name":"Shaded","section":"Shading Mode"},"sceneLighting":true,"audioPlay":false,"sceneViewState":{"showFog":true,"showMaterialUpdate":false,"showSkybox":true,"showFlares":true,"showImageEffects":true,"showParticleSystems":true},"in2DMode":false,"pivot":{"x":-403.8686218261719,"y":-34.23288345336914,"z":166.84542846679688},"rotation":{"x":0.03773801028728485,"y":-0.543878436088562,"z":0.02448461204767227,"w":0.8379657864570618},"size":455.19305419921877,"orthographic":false}