{"cameraMode":{"drawMode":0,"name":"Shaded","section":"Shading Mode"},"sceneLighting":true,"audioPlay":false,"sceneViewState":{"showFog":true,"showMaterialUpdate":false,"showSkybox":true,"showFlares":true,"showImageEffects":true,"showParticleSystems":true},"in2DMode":false,"pivot":{"x":83.951416015625,"y":18.424522399902345,"z":-75.00548553466797},"rotation":{"x":0.14249536395072938,"y":0.22905519604682923,"z":-0.034084953367710116,"w":0.962572455406189},"size":20.310382843017579,"orthographic":false}