{"cameraMode":{"drawMode":0,"name":"Shaded","section":"Shading Mode"},"sceneLighting":true,"audioPlay":false,"sceneViewState":{"showFog":true,"showMaterialUpdate":false,"showSkybox":false,"showFlares":true,"showImageEffects":true,"showParticleSystems":true},"in2DMode":false,"pivot":{"x":0.0,"y":1.1920928955078126e-7,"z":-5.960464477539063e-8},"rotation":{"x":-0.0938183069229126,"y":-0.011544127017259598,"z":0.0002517401590012014,"w":-0.9960311651229858},"size":3.9438798427581789,"orthographic":false}