{"cameraMode":{"drawMode":0,"name":"Shaded","section":"Shading Mode"},"sceneLighting":false,"audioPlay":false,"sceneViewState":{"showFog":true,"showMaterialUpdate":false,"showSkybox":false,"showFlares":true,"showImageEffects":true,"showParticleSystems":true},"in2DMode":false,"pivot":{"x":54.19843673706055,"y":-3.4232747554779054,"z":-17.291034698486329},"rotation":{"x":0.08938506990671158,"y":-0.3608407974243164,"z":0.03470370173454285,"w":0.9279438257217407},"size":22.0,"orthographic":false}