{"cameraMode":{"drawMode":0,"name":"Shaded","section":"Shading Mode"},"sceneLighting":true,"audioPlay":false,"sceneViewState":{"showFog":true,"showMaterialUpdate":false,"showSkybox":true,"showFlares":true,"showImageEffects":true,"showParticleSystems":true},"in2DMode":false,"pivot":{"x":3.714657783508301,"y":11.583102226257325,"z":-2.410024881362915},"rotation":{"x":0.006205915939062834,"y":0.7222071886062622,"z":0.006505932193249464,"w":-0.6916656494140625},"size":45.33635330200195,"orthographic":false}